,P,Q,W,E,R,Historia,PD,QD,WD,ED,RD
Aatrox,Aspecto de la muerte,La Espada de los Oscuros,Cadenas infernales,Deslizamiento sombrío,El Aniquilador de mundos,"Aatrox y sus hermanos, otrora respetados defensores de Shurima contra el Vacío, acabarían convirtiéndose en una amenaza aún mayor para Runaterra y solo conocieron la derrota ante el uso astuto de hechizos mortales. No obstante, tras siglos de reclusión...<!-- --> <button data-testid=""overview:seemorebutton","De forma periódica, el siguiente ataque básico de Aatrox inflige daño físico adicional y cura a Aatrox en función de la vida máxima del objetivo. ","Aatrox golpea con su espadón e inflige daño físico. Puede atacar tres veces, cada vez con un área de efecto distinta.","Aatrox golpea el suelo, lo que inflige daño al primer enemigo impactado. Los campeones y monstruos grandes deben abandonar el área de impacto rápidamente para evitar ser arrastrados hacia el centro y volver a recibir daño.","Aatrox se cura de forma pasiva cuando inflige daño a campeones enemigos. Al activarse, se desliza en una dirección.","Aatrox libera su forma demoníaca, lo que aterroriza a los súbditos enemigos cercanos, además de aumentar su daño de ataque, curación y velocidad de movimiento. Si consigue un asesinato o asistencia, la duración de este efecto se alarga."
Ahri,Robo de esencias,Orbe del engaño,Fuego zorruno,Hechizar,Impulso espiritual,"Ahri es una raposa vastaya conectada de forma innata a la magia del reino de los espíritus. Es capaz de manipular las emociones de su presa antes de consumir su esencia, proceso que le transmite los recuerdos de cada alma que consume. Otrora una...<!-- --> <button data-testid=""overview:seemorebutton","Ahri se cura tras matar a 9 súbditos o monstruos.
Ahri se cura más cantidad tras eliminar a un campeón enemigo.","Ahri lanza y recupera su orbe, lo que inflige daño mágico al lanzarlo y daño verdadero al recuperarlo. ",Ahri obtiene una breve mejora de velocidad de movimiento y lanza tres fuegos zorrunos que fijan y atacan a los enemigos cercanos.,"Ahri lanza un beso que daña y hechiza al enemigo al que alcance primero, con lo que cancela instantáneamente todas sus habilidades de movimiento y hace que avance hacia ella de forma inofensiva.",Ahri se desliza hacia delante y libera rayos de esencia que infligen daño a los enemigos cercanos. Impulso espiritual puede usarse hasta tres veces antes de entrar en enfriamiento y las eliminaciones de campeones enemigos otorgan lanzamientos adicionales.
Akali,Marca del asesino,Pleno de cinco puntas,Velo del crepúsculo,Voltereta shuriken,Ejecución perfecta,"Tras abandonar la orden de los Kinkou y su título de Puño de la Sombra, Akali actúa ahora en solitario y está lista para convertirse en el arma mortal que necesita su gente. Aunque no renuncia a las enseñanzas de Shen, su maestro, ha jurado defender...<!-- --> <button data-testid=""overview:seemorebutton",Infligir daño de hechizo a un campeón crea un anillo de energía a su alrededor. Salir del anillo potencia el próximo ataque de Akali con alcance y daño adicional.,Akali lanza cinco kunais que ralentizan e infligen daño en función de su daño de ataque y poder de habilidad adicionales.,"Akali lanza una cortina de humo y obtiene brevemente velocidad de movimiento. Mientras se encuentra dentro del área, Akali se vuelve invisible, no puede ser seleccionada como objetivo de hechizos ni ataques enemigos. Si ataca o usa habilidades, se revela durante unos instantes.  ",Da una voltereta hacia atrás y lanza un shuriken hacia adelante que inflige daño mágico. La primera nube de humo o enemigo golpeado queda marcado. Puede volver a usarse para desplazarse hasta el objetivo marcado e infligir daño adicional.,Akali salta hacia una dirección y daña a los enemigos golpeados. Relanzamiento: Akali se desliza hacia una dirección y ejecuta a todos los enemigos golpeados.
Akshan,Artimañas,Bumerán vengador,Rebelde,Balanceo heroico,Merecido,"Impávido ante el peligro, Akshan combate el mal con gran carisma, ganas de impartir justa venganza y una evidente falta de camisetas. Domina el arte del combate sigiloso, por lo que es capaz de desaparecer a los ojos de sus enemigos y volver a aparecer...<!-- --> <button data-testid=""overview:seemorebutton","Cada tres impactos de ataques y habilidades contra campeones, Akshan inflige daño adicional y obtiene un escudo.

Cuando Akshan ataca, lanza un ataque adicional que inflige daño reducido. Si cancela el ataque adicional, obtiene velocidad de movimiento.","Akshan lanza un bumerán que inflige daño a la ida y a la vuelta. Además, su alcance aumenta con cada enemigo golpeado.","Akshan marca de forma pasiva a los campeones enemigos como canallas cuando matan a sus aliados. Si Akshan mata a un canalla, revive a los aliados que haya asesinado, obtiene oro adicional y elimina todas las marcas.

Al activarse, Akshan entra en estado de camuflaje y obtiene velocidad de movimiento y regeneración de maná mientras se mueve hacia los canallas. Akshan pierde el camuflaje rápidamente mientras no está en la maleza o cerca de un obstáculo del terreno.",Akshan lanza un gancho hacia un obstáculo del terreno y ataca repetidamente al enemigo más cercano conforme se balancea. Se puede soltar de la cuerda cuando quiera o al chocar contra campeones u obstáculo del terreno.,"Akshan fija a un campeón enemigo como objetivo y empieza a acumular balas. Cuando se lanza la habilidad, dispara todas las balas acumuladas, lo que inflige daño según la vida que le falte al primer campeón, súbdito o estructura golpeados."
Alistar,Rugido triunfal,Pulverización,Testarazo,Pisotear,Voluntad inquebrantable,"Alistar, un poderoso guerrero con una reputación temible, busca venganza por la muerte de su clan a manos del imperio noxiano. Aunque fue esclavizado y forzado a vivir como gladiador, fue su voluntad inquebrantable lo que le impidió convertirse en una...<!-- --> <button data-testid=""overview:seemorebutton","Alistar carga su rugido al aturdir o desplazar a campeones enemigos o cuando los enemigos cercanos mueren. Cuando está cargado al máximo, se cura a sí mismo y a los campeones aliados cercanos.","Alistar golpea con fuerza el suelo, lo que inflige daño a los enemigos cercanos y los lanza por los aires.","Alistar propina un cabezazo al objetivo, dañándolo y haciéndolo retroceder.","Alistar pisotea a las unidades enemigas cercanas, ignora la colisión con unidades y obtiene acumulaciones si daña a un campeón enemigo. Con el máximo de acumulaciones, el siguiente ataque básico de Alistar contra un campeón enemigo inflige daño mágico adicional y lo aturde.",Alistar profiere un gran rugido con el que elimina todos los efectos de control de adversario que le afectan y reduce el daño físico y mágico recibido mientras dura el efecto.
Amumu,Toque maldito,Lanzamiento de vendas,Desesperación,Berrinche,Maldición de la momia triste,"Cuenta la leyenda que Amumu es un alma solitaria y melancólica de la vieja Shurima que vaga por el mundo en busca de un amigo. Condenado por una maldición ancestral, su destino es permanecer solo para siempre, pues su tacto es muerte y su cariño, la...<!-- --> <button data-testid=""overview:seemorebutton","Los ataques básicos de Amumu aplican una maldición a sus enemigos, lo que provoca que reciban daño verdadero adicional cada vez que se les inflige daño mágico.","Amumu lanza una venda adhesiva a un objetivo, causándole daño y aturdimiento mientras se acerca a él.","Abrumados por la angustia, los enemigos cercanos pierden cada segundo un porcentaje de su vida máxima y regeneran sus Maldiciones.","Reduce permanentemente el daño físico que recibe Amumu. Amumu puede desatar su furia para infligir daño a enemigos cercanos. Cada vez que recibe un golpe, se reduce el enfriamiento de Berrinche.","Amumu envuelve en vendas a las unidades enemigas cercanas, les aplica su Maldición, les inflige daño y las aturde."
Anivia,Renacimiento,Destello helado,Cristalización,Congelación,Tormenta glacial,"Anivia es un espíritu alado benevolente que soporta ciclos interminables de vida, muerte y nacimiento para proteger Freljord. Semidiosa nacida del hielo implacable y los vientos crueles, canaliza estos poderes elementales para anular a cualquiera que se...<!-- --> <button data-testid=""overview:seemorebutton","Al recibir daño letal, Anivia vuelve a su estado de huevo y renace con toda la vida.","Anivia junta las alas e invoca una esfera de hielo que vuela hacia sus enemigos, de modo que enfría y daña a cualquiera que se cruce en su camino. Al explotar, la esfera inflige daño moderado en un radio y aturde a los que se encuentren en la zona.",Anivia condensa la humedad del aire en un muro de hielo infranqueable que bloquea todos los movimientos. El muro aguanta un breve periodo de tiempo antes de derretirse.,"Con un aleteo, Anivia lanza una ráfaga de viento congelado a su objetivo, lo que inflige daño. Si hace poco que el objetivo ha sido golpeado por Destello helado o dañado por una Tormenta glacial completamente formada, recibe el doble de daño.",Anivia invoca una lluvia de hielo y granizo que daña a sus enemigos y dificulta su movimiento.
Annie,Piromanía,Desintegración,Incineración,Escudo fundido,Invocar: Tibbers,"Peligrosa pero encantadoramente precoz, Annie es una pequeña maga con un inmenso poder piromántico. Incluso en los parajes montañosos al norte de Noxus es una hechicera sin precedentes. Su afinidad natural con el fuego se manifestó a temprana edad en...<!-- --> <button data-testid=""overview:seemorebutton","Después de 4 lanzamientos, el siguiente hechizo ofensivo de Annie aturdirá al objetivo.

Annie comienza la partida y reaparece con Piromanía disponible.",Annie lanza una bola de fuego imbuida de maná que daña al objetivo y le devuelve el maná gastado si este resulta destruido.,"Annie lanza un abrasador cono de fuego, dañando a todos los enemigos de la zona.","Otorga a Annie o a un aliado un escudo y velocidad de movimiento adicional de forma temporal, y daña a los enemigos que le inflijan daño con ataques o hechizos.","Annie da vida a su oso Tibbers, que daña a todas las unidades de la zona. Tibbers puede atacar y quemar a los enemigos adyacentes."
Aphelios,El Asesino y la Vidente,Habilidades de las armas,Fase,Sistema de cola de armas,Vigilia lunar,"Aphelios emerge de entre las sombras de la noche con armas en mano y asesina a los enemigos de su fe en un silencio inquietante, hablando a tiro limpio únicamente a través de la certitud de su puntería. Un veneno que le impide hablar se encarga de...<!-- --> <button data-testid=""overview:seemorebutton","Aphelios empuña cinco armas de los Lunari creadas por su hermana Alune. Tiene acceso a dos a la vez, una como arma principal y otra como secundaria. Cada arma tiene un ataque básico y una habilidad únicos. Los ataques y las habilidades consumen la munición del arma. Cuando se queda sin munición, Aphelios descarta el arma y Alune invoca la siguiente de las 5. ","Aphelios cuenta con 5 habilidades activas diferentes, en función del arma principal que tenga equipada:

Calibrum (rifle): Disparo de largo alcance que marca a su objetivo para realizar un ataque consecutivo también a largo alcance.
Severum (revólver guadaña): Corre mientras ataca a los enemigos cercanos con ambas armas.
Gravitum (cañón): Inmoviliza a todos los enemigos ralentizados por esta arma.
Infernum (lanzallamas): Impacta contra los enemigos en un arco y ataca con el arma secundaria.
Crescendum (chakram): Despliega un centinela que dispara con el arma secundaria.
","Aphelios cambia su arma principal por el arma secundaria, lo que reemplaza sus ataques básicos y su habilidad activa.","Aphelios no tiene tercera habilidad. Esta ranura muestra la siguiente arma que Alune le dará. Al comienzo, el orden de las armas es fijo, pero puede cambiar durante la partida: cuando un arma se queda sin munición, pasa a ser la última.",Dispara un rayo de luz lunar concentrado que explota al golpear a campeones enemigos. Aplica el efecto único del arma principal de Aphelios.
Ashe,Tiro congelador,Concentración máxima,Descarga,Disparo de halcón,Flecha de cristal encantada,"Ashe, comandante hija del hielo de la tribu de Avarosa, lidera las hordas más numerosas del norte. Impasible, inteligente e idealista, aunque incómoda en su papel de líder, utiliza los poderes mágicos ancestrales de su linaje para empuñar un arco de...<!-- --> <button data-testid=""overview:seemorebutton","Los ataques de Ashe ralentizan a sus objetivos, aumentando el subsiguiente daño que les inflija.

Los golpes críticos de Ashe no infligen daño adicional al objetivo pero le aplican una ralentización más potente.","Ashe acumula Concentración al atacar. Al alcanzar el nivel máximo, Ashe puede lanzar Concentración máxima para consumir todas las acumulaciones, aumentar temporalmente su velocidad de ataque y transformar su ataque básico en un poderoso ataque de ráfaga durante unos instantes.",Ashe dispara flechas en un cono para causar más daño. También aplica Tiro congelador.,Ashe puede enviar su Espíritu Halcón en misión de exploración para reconocer el terreno.,"Ashe dispara un proyectil de hielo en línea recta. Si la flecha impacta contra un campeón enemigo, le inflige daño y aturde según la distancia que haya recorrido la flecha. Además, las unidades enemigas circundantes reciben daño y se ralentizan."
Aurelion Sol,Creador cósmico,El aliento de los dioses,Vuelo astral,Singularidad,Estrella fugaz / Ocaso celeste,"Aurelion Sol solía agraciar al vasto vacío del cosmos con las maravillas celestiales que él mismo ideaba. Ahora, se ve forzado a hacer uso de su increíble poder para satisfacer los deseos de un imperio espacial que lo ha engañado para convertirlo en su...<!-- --> <button data-testid=""overview:seemorebutton","Las habilidades de daño de Aurelion Sol cosechan acumulaciones de polvo estelar de sus enemigos, lo que mejora permanentemente cada habilidad. ","Aurelion Sol canaliza su aliento de dragón durante unos segundos, lo que inflige daño al primer enemigo golpeado y daño reducido a los enemigos cercanos. Cada segundo que el aliento se canalice directamente a un enemigo, infligirá daño adicional, que mejora según la cantidad de polvo estelar conseguido. Esta habilidad otorga polvo estelar si el objetivo es un campeón.","Aurelion Sol sobrevuela el terreno en la dirección indicada. En este estado, puede lanzar otras habilidades. El aliento de los dioses ya no tiene enfriamiento, la puede canalizar sin límite de tiempo e inflige daño adicional mientras vuela. El enfriamiento restante de Vuelo astral se reduce cada vez que muere un campeón tras recibir daño de Aurelion Sol. El polvo estelar aumenta el alcance máximo de Vuelo astral.","Aurelion Sol invoca un agujero negro, lo que inflige daño a los enemigos y los atrae lentamente hacia su centro. Esta habilidad otorga polvo estelar cada vez que muere un enemigo en el agujero negro y por cada segundo que haya un campeón enemigo en su interior. El centro del agujero negro ejecuta a los enemigos que estén por debajo de cierto porcentaje de su vida máxima. El polvo estelar aumenta la zona de Singularidad y el umbral de ejecución.","Estrella fugaz: Aurelion Sol provoca que una estrella se estampe contra el suelo. Este impacto inflige daño mágico y aturde a los enemigos. Además, otorga polvo estelar por cada campeón golpeado. Al acumular suficiente Polvo estelar, Estrella fugaz se transformará en Ocaso celeste la próxima vez que se utilice. Ocaso celeste: Aurelion Sol lanza una gigantesca estrella con un área de impacto aumentado, potencia el daño infligido y lanza a los enemigos por los aires, en lugar de aturdirlos. Después, emite una enorme onda de choque desde los bordes del área de impacto, lo que inflige daño y ralentiza a los campeones golpeados. El polvo estelar aumenta el área de impacto de Estrella fugaz y Ocaso celeste."
Azir,Legado de Shurima,Arenas conquistadoras,¡Alzaos!,Arenas movedizas,Falange imperial,"Azir, emperador de Shurima en un pasado remoto, fue un hombre orgulloso que estuvo a punto de alcanzar la inmortalidad. Dominado por la arrogancia, fue traicionado y asesinado en la hora de su mayor triunfo, pero ahora, milenios después, ha renacido...<!-- --> <button data-testid=""overview:seemorebutton",Azir puede invocar el Disco solar sobre las ruinas de una torreta aliada o enemiga.,Azir envía a todos los soldados de arena hacia un punto. Los soldados de arena infligen daño mágico a los enemigos que atraviesan y además aplican un efecto de ralentización durante 1 s.,"Azir invoca a un soldado de arena para que ataque a los objetivos cercanos por él. El ataque básico de estos soldados reemplaza el suyo contra todos los enemigos que estén a su alcance. Su ataque inflige daño mágico a todos los enemigos situados en una línea. Además, ¡Alzaos! otorga velocidad de ataque de manera pasiva a Azir y a sus soldados de arena.","Azir se protege con un escudo durante unos instantes, se desliza hacia uno de sus soldados de arena y daña a los enemigos en su movimiento. Si golpea a un campeón enemigo, prepara inmediatamente un nuevo soldado de arena y detiene su deslizamiento.","Azir invoca un muro de soldados que, con una carga hacia delante, infligen daño y derriban al enemigo."
Bardo,Llamada del viajero,Cadenas cósmicas,Santuario del protector,Periplo mágico,Destino maleable,"Bardo, un viajero de más allá de las estrellas, es un agente de la serendipia que lucha para mantener un equilibrio en el que la vida pueda soportar la indiferencia del caos. Muchos habitantes de Runaterra cantan canciones que hablan de su naturaleza...<!-- --> <button data-testid=""overview:seemorebutton","Meeps: Bardo atrae a unos espíritus menores que aumentan la potencia de sus ataques básicos para infligir daño mágico adicional. Cuando Bardo haya recogido suficientes campanas, sus meeps también infligirán daño en área y ralentizarán a los enemigos golpeados.

Campanas: Aparecen campanas antiguas al azar que Bardo puede recoger. Otorgan experiencia, restauran maná y otorgan velocidad de movimiento fuera de combate.","Bardo dispara un proyectil que ralentiza al primer enemigo alcanzado, antes de seguir su trayectoria. A partir de ahí, si golpea un muro, el objetivo inicial queda aturdido. Si golpea a otro enemigo, los dos sufren el efecto.","Hace aparecer un santuario de vida. El santuario, que tarda unos segundos en cargarse a plena potencia, desaparece después de curar y aumentar la velocidad al primer aliado que lo toca.","Bardo abre un portal en un obstáculo del terreno cercano. Tanto sus aliados como sus enemigos pueden atravesarlo para cruzar al otro lado, pero solo funciona en un sentido.","Bardo lanza su energía espiritual a un objetivo, dejando en estasis a todas las unidades y torretas de la zona durante breve tiempo."
Bel'Veth,Muerte en lavanda ,Oleada del Vacío,Arriba y abajo,Vorágine real,Banquete infinito,"Una emperatriz horripilante creada a partir de los materiales de la ciudad que devoró. Bel'Veth representa el mismísimo fin de Runaterra tal y como la conocemos... y marca el comienzo de una monstruosa realidad creada a su imagen y semejanza. Impulsada...<!-- --> <button data-testid=""overview:seemorebutton","Bel'Veth obtiene acumulaciones permanentes de velocidad de ataque tras acabar con súbditos grandes, monstruos gigantes y campeones. También obtiene velocidad de ataque adicional de forma temporal tras usar una habilidad.",Bel'Veth se desliza en la dirección elegida y daña a todos los enemigos a los que atraviesa.,"Bel'Veth golpea el suelo, lo que inflige daño, lanza por los aires y ralentiza a sus enemigos.","Bel'Veth se queda inmóvil y canaliza una tormenta de cortes a su alrededor que selecciona como objetivo al enemigo con menos vida. Además, le otorga robo de vida y reducción de daño.","Bel'Veth consume restos de coral del Vacío, adopta su verdadera forma y aumenta su vida máxima, alcance de ataque, velocidad de ataque y velocidad de movimiento fuera de combate. Consumir restos de coral del Vacío de un monstruo épico del Vacío le otorgará más duración de la definitiva, además de poder invocar rémoras del Vacío."
Blitzcrank,Barrera de maná,Agarre misil,Sobrecarga,Puño de poder,Campo estático,"Blitzcrank es un autómata enorme, casi indestructible, creado originalmente para el tratamiento de residuos tóxicos. Sin embargo, este propósito original le parecía demasiado restrictivo, así que se automodificó para servir mejor a los débiles del...<!-- --> <button data-testid=""overview:seemorebutton","Cuando le queda poca vida, Blitzcrank obtiene un escudo en función de su maná.","Blitzcrank dispara su mano derecha para apresar a un rival que encuentre en su camino, le inflige daño y lo atrae hacia él.",Blitzcrank se sobrecarga para aumentar drásticamente su velocidad de movimiento y su velocidad de ataque. Se ve ralentizado temporalmente cuando termina el efecto.,Blitzcrank carga su puño para que su siguiente ataque cause el doble de daño y lance al objetivo por los aires.,"Los enemigos a los que Blitzcrank ataca quedan marcados y reciben una descarga eléctrica después de 1 s. Además, Blitzcrank puede activar esta habilidad para eliminar los escudos de los enemigos cercanos, infligirles daño y silenciarlos durante un breve periodo."
Brand,Nube de fuego,Abrasar,Pilar de llamas,Incendio,Detonación ígnea,"Brand, antiguo miembro de la tribu Kegan Rodhe del helado Freljord, es una lección sobre la tentación de un poder mayor. En busca de una de las legendarias Runas Geogénicas, Kegan traicionó a sus compañeros y se quedó con la runa. El hombre desapareció...<!-- --> <button data-testid=""overview:seemorebutton","Los hechizos de Brand prenden fuego a sus objetivos, lo que inflige daño durante 4 s. Puede acumularse hasta 3 veces. Si Brand asesina a un enemigo que esté en llamas, recupera maná. Cuando Nube de fuego alcanza el máximo de acumulaciones en un campeón o monstruo gigante, se vuelve inestable. Explota al cabo de 2 s, aplica efectos de hechizo e inflige una gran cantidad de daño en la zona que rodea a la víctima.","Brand lanza una bola de fuego que inflige daño mágico. Si el objetivo está en llamas, Abrasar lo dejará aturdido durante 1,5 s.","Tras un breve retardo, Brand crea un Pilar de llamas en la ubicación del objetivo que inflige daño mágico a las unidades enemigas dentro de la misma. Las unidades que estén en llamas recibirán un 25% de daño adicional.","Brand lanza un ataque poderoso a su objetivo que se extiende a los enemigos cercanos e inflige daño mágico. Si el objetivo está en llamas, se duplica la propagación de Incendio.","Brand libera un torrente de fuego devastador que rebota hasta 5 veces entre Brand y los enemigos cercanos, e inflige daño mágico a los enemigos cada vez que rebota. Estos rebotes priorizan acumular al máximo Nube de fuego en los campeones. Si un objetivo está en llamas, Detonación ígnea lo ralentizará brevemente."
Braum,Golpes conmocionantes,Mordisco invernal,Detrás de mí,Inquebrantable,Fisura glacial,"Bendecido con bíceps enormes y un corazón aún más grande, Braum es un héroe muy apreciado en Freljord. Todas las tabernas al norte del Fuerte Helado brindan por su fuerza legendaria. Se dice que taló un bosque de robles en una sola noche y convirtió una...<!-- --> <button data-testid=""overview:seemorebutton","Los ataques básicos de Braum aplican Golpes conmocionantes. Cuando se aplique la primera acumulación, los ataques básicos de los aliados también acumulan Golpes conmocionantes. 

Al llegar a 4 acumulaciones, el objetivo queda aturdido y recibe daño mágico. Durante los siguientes segundos no puede recibir acumulaciones, pero recibe daño mágico adicional de los ataques de Braum.","Braum lanza un chorro de gélido hielo desde el escudo que ralentiza y causa daño mágico.

Aplica una acumulación de Golpes conmocionantes.","Braum salta hacia un campeón o súbdito aliado. Al alcanzarlo, ambos obtienen armadura y resistencia mágica durante unos segundos.","Braum alza su escudo en una dirección durante varios segundos e intercepta todos los proyectiles, que lo golpean y son destruidos. Anula por completo el daño del primero y reduce el de los siguientes que llegan desde la misma dirección.",Braum golpea el suelo y lanza por los aires a los enemigos cercanos y situados en una línea delante de él. A lo largo de esta línea se abre una fisura que ralentiza a los enemigos.
Briar,Maldición carmesí,A la yugular,Frenesí sanguinario / Otro mordisquito,Alarido escalofriante,Final sangriento,"La incontrolable sed de sangre que siente Briar, un experimento fallido de la Rosa Negra, la obliga a cargar con una picota especial que calma su enajenada mente. Tras años de confinamiento, esta arma viviente se ha librado de sus cadenas y se ha...<!-- --> <button data-testid=""overview:seemorebutton","Los ataques y habilidades de Briar aplican acumulaciones de sangrado, lo que la cura parte del daño que infligen. Dominada por un hambre insaciable, obtiene curación adicional según la vida que le falte, pero no cuenta con regeneración de vida de forma innata.","Briar se lanza contra una unidad y golpea a los enemigos con una patada voladora (de la muerte), los aturde y destroza su armadura.","Briar se lanza hacia delante y destruye su picota, lo que la hace entrar en Frenesí sanguinario y perseguir sin descanso al enemigo más cercano (priorizando a los campeones). Mientras se encuentra en este estado, obtiene velocidad de ataque y de movimiento adicionales, y sus ataques infligen daño en área en torno a su objetivo.

Briar puede reactivar esta habilidad durante el frenesí para darle un mordisco a su objetivo con su próximo ataque, lo que inflige daño adicional en base a la vida que le falte a la unidad y cura a Briar según el daño que inflija.","Briar se concentra, pone fin a Frenesí sanguinario y canaliza su energía para proferir un poderoso alarido que inflige daño y ralentiza a los enemigos. Mientras canaliza, recibe menos daño y recupera parte de su vida máxima. Al canalizar por completo el alarido, este empuja a los enemigos, inflige daño adicional y aturde a los que choquen contra muros.","Briar lanza la gema hemolítica de su picota, que marca al primer campeón golpeado y lo convierte en su presa. Después, corre directa hacia él, aterroriza a los enemigos cercanos al alcanzar a su objetivo y entra en un estado de hemomanía incontrolable. Perseguirá a su presa hasta la muerte, con los efectos de Frenesí sanguinario y armadura, resistencia mágica, robo de vida y velocidad de movimiento adicionales."
Caitlyn,Disparo a la cabeza,Pacificadora de Piltover,Trampa para yordles,Red de calibre 90,As en la manga,"Reconocida como su mejor pacificadora, Caitlyn es también la mejor arma de Piltover para librar a la ciudad de sus elusivos elementos criminales. A menudo trabaja con Vi, y actúa como un frío y eficiente contrapunto para la naturaleza más impetuosa de...<!-- --> <button data-testid=""overview:seemorebutton","Cada pocos ataques básicos o contra un objetivo atrapado en una de sus trampas o en su red, Caitlyn realiza un tiro a la cabeza que inflige daño adicional, el cual aumenta con su probabilidad de crítico. El alcance de Disparo a la cabeza de Caitlyn se duplica cuando ataca a objetivos atrapados en una trampa o una red.",Caitlyn carga su rifle durante 1 s para liberar un disparo penetrante que provoca daño físico y se ensancha al alcanzar a un objetivo (causa menos daño a los objetivos posteriores).,"Caitlyn pone una trampa que, al activarse, inmoviliza al campeón enemigo y lo revela durante 1,5 s, lo que permite que Caitlyn aseste un Disparo a la cabeza potenciado.",Caitlyn lanza una red pesada para ralentizar a su objetivo. El retroceso empuja hacia atrás a Caitlyn.,"Caitlyn se toma su tiempo para preparar el tiro perfecto, causando una gran cantidad de daño a un solo objetivo a gran distancia. Los campeones enemigos pueden interceptar la bala para sus aliados."
Camille,Defensa adaptable,Protocolo de precisión,Barrido táctico,Tiro de gancho,Ultimátum hextech,"Convertida en un arma viviente diseñada para operar fuera de la ley, Camille es la jefa de espías del clan Ferros, una elegante agente de élite que se asegura de que nada amenace el funcionamiento de Piltover ni de Zaun. Su adaptabilidad y minuciosidad...<!-- --> <button data-testid=""overview:seemorebutton",Los ataques básicos a campeones le otorgan un escudo equivalente a un porcentaje de la vida máxima de Camille que la protege de su tipo de daño (físico o mágico) durante un corto periodo de tiempo.,"El próximo ataque de Camille inflige daño adicional y otorga más velocidad de movimiento. Este hechizo puede lanzarse de nuevo durante un breve periodo de tiempo, de modo que inflige una cantidad adicional de daño considerablemente mayor si Camille deja un tiempo entre los dos ataques.","Tras un breve lapso de tiempo, Camille provoca una explosión en forma de cono que inflige daño. Los enemigos en la mitad exterior se ralentizan y reciben daño adicional al mismo tiempo que curan a Camille.","Camille se desliza hasta un muro, salta y golpea a los enemigos al caer.",Camille se desliza hacia un campeón objetivo y lo ancla en el área. También inflige daño mágico adicional al objetivo con sus ataques básicos.
Cassiopeia,Elegancia serpentina,Explosión perjudicial,Miasma,Colmillo doble,Mirada petrificante,"Cassiopeia es una criatura mortal empeñada en manipular a otros según su siniestra voluntad. La hija más joven y hermosa de la noble familia Du Couteau de Noxus, se aventuró en lo más profundo de las criptas debajo de Shurima en busca de poder ancestral...<!-- --> <button data-testid=""overview:seemorebutton","Cassiopeia obtiene velocidad de movimiento por nivel, pero no puede comprar botas.","Cassiopeia, tras unos instantes, inunda una zona con veneno, lo que aumenta su velocidad de movimiento si alcanza a un campeón enemigo.","Cassiopeia lanza varias nubes de veneno que ralentizan, anclan e infligen un daño leve a los enemigos que las atraviesen. Los enemigos anclados no pueden usar habilidades de movimiento.","Cassiopeia lanza un ataque que inflige más daño a los objetivos envenenados y que la cura un porcentaje del daño infligido. Si el objetivo muere al recibir este ataque, Cassiopeia recupera maná.",Cassiopeia libera con los ojos un remolino de energía mágica que aturde a los enemigos que tenga de cara a ella y ralentiza a los que le estén dando la espalda.
Cho'Gath,Carnívoro,Ruptura,Grito salvaje,Pinchos mortíferos,Festín,"Desde el momento en que Cho'Gath emergió por primera vez a la dura luz solar de Runaterra, a la bestia solo le impulsaba el hambre más pura e insaciable. La perfecta expresión del deseo del Vacío de acabar con la vida, la compleja biología de Cho'Gath...<!-- --> <button data-testid=""overview:seemorebutton",Cho'Gath recupera vida y maná cada vez que elimina a un enemigo. La cantidad aumenta con el nivel de Cho'Gath.,"Resquebraja el suelo de un lugar determinado y lanza por los aires a los enemigos, lo que les inflige daño y les ralentiza.","Cho'Gath lanza un terrible grito a los enemigos en un cono, lo que les inflige daño mágico y los silencia durante unos pocos segundos.",Los ataques de Cho'Gath liberan pinchos mortales que dañan y ralentizan a todas las unidades enemigas frente a él.,"Devora a una unidad enemiga e inflige una gran cantidad de daño verdadero. Si el objetivo muere, Cho'Gath crece y aumenta su vida máxima."
Corki,Municiones hextech,Bomba de fósforo,Valquiria,Cañón de repetición,Andanada de Proyectiles,"El piloto yordle Corki adora dos cosas por encima de todas las demás: volar y su glamuroso bigote. Aunque no necesariamente en ese orden. Tras abandonar la Ciudad de Bandle, se estableció en Piltover y se enamoró de las máquinas maravillosas que allí...<!-- --> <button data-testid=""overview:seemorebutton","Un porcentaje del daño que Corki inflige con ataques básicos se convierte en daño mágico.

En ocasiones, Corki podrá recoger el Paquete dentro de su base, lo que le otorga velocidad de movimiento y un lanzamiento potenciado de Valquiria.","Corki lanza una bomba luminosa a la ubicación seleccionada e inflige daño mágico a los enemigos cercanos. Además, este ataque revela a las unidades de la zona durante un tiempo.","Corki vuela una corta distancia lanzando bombas y dejando tras de sí una estela de fuego, la cual inflige daño a los enemigos que permanezcan dentro.",El cañón de repetición de Corki abre fuego sobre un área cónica. Los enemigos alcanzados sufren daño y pierden armadura y resistencia mágica.,"Corki dispara hacia la zona objetivo un proyectil que explota al impactar e inflige daño a los enemigos cercanos. Corki acumula misiles según pasa el tiempo, hasta un máximo determinado. Cada 3 proyectiles sale uno enorme que inflige daño adicional."
Darius,Hemorragia,Diezmar,Golpe atroz,Atrapar,Guillotina noxiana,"No hay mayor símbolo del poder de Noxus que Darius, el comandante más temido y más curtido en batallas de toda la nación. Pasando de orígenes humildes a convertirse en la Mano de Noxus, se abre paso a tajos entre los enemigos del imperio, muchos de...<!-- --> <button data-testid=""overview:seemorebutton","Los ataques y habilidades de daño de Darius hacen que los enemigos sangren durante 5 s, lo que les causa daño físico. Se puede acumular hasta 5 veces. Darius se enfurece y obtiene un gran daño de ataque cuando su objetivo alcanza el máximo de acumulaciones.",Darius reúne fuerzas y traza un amplio círculo con su hacha. Los enemigos a los que golpee con su hoja sufrirán más daño que los que sean golpeados por el mango. Darius se cura en función al número de campeones enemigos y monstruos gigantes alcanzados por la hoja.,"El siguiente ataque de Darius alcanza al enemigo en una arteria vital. Mientras se desangra, su velocidad de movimiento disminuye.","Darius pone a punto su hacha, lo cual provoca que, de forma pasiva, su daño físico ignore un porcentaje de la armadura de su objetivo. Cuando se activa, Darius barre a sus enemigos con el gancho de su hacha y los acerca hacia él.","Darius salta hacia un campeón enemigo y le asesta un golpe letal que inflige daño verdadero. Este daño se ve incrementado por cada acumulación de Hemorragia que tenga el objetivo. Si el ataque con Guillotina noxiana es letal, se reinicia el enfriamiento durante un corto periodo de tiempo."
Diana,Hoja lunaplata,Impacto creciente,Cascada pálida,Torrente lunar,Lluvia de luna,"Portadora de una espada en forma de media luna, Diana es una guerrera de los Lunari, una fe rechazada en casi todas las tierras a los pies del Monte Targon. Ataviada con una armadura reluciente del color de la nieve en una noche de invierno, es la...<!-- --> <button data-testid=""overview:seemorebutton","Cada tres golpes, inflige daño mágico adicional a los enemigos cercanos. Después de lanzar un hechizo, Diana obtiene velocidad de ataque en los siguientes tres ataques.","Libera un rayo de energía lunar en un arco que inflige daño mágico.

Los enemigos golpeados se verán afectados por Luz lunar, que revela durante 3 s a los objetivos que no estén en sigilo.","Diana crea tres esferas que orbitan a su alrededor y explotan al entrar en contacto con enemigos, lo que inflige daño en una zona. También obtiene un escudo temporal que absorbe daño. Si la tercera esfera explota, el escudo absorbe más daño.","Diana se transforma en la encarnación de la luna más vengativa, se desliza hacia un enemigo y le inflige daño mágico.

Torrente lunar no tiene enfriamiento cuando se usa para deslizarse hacia un objetivo afectado por Luz lunar. El efecto de Luz lunar desaparecerá del resto de enemigos, independientemente de haber sido atacados con Torrente lunar o no.","Diana revela y atrae a todos los enemigos cercanos, y los ralentiza.

Si Diana atrae a un campeón enemigo o más, un torrente de luz lunar se precipita hacia ella tras unos instantes e inflige daño mágico en una zona a su alrededor, que aumenta por cada objetivo adicional atraído con la habilidad."
Dr. Mundo,Va donde quiere,Serrucho infectado,Desisfibrulación,Traumatismo,Dosis máxima,"Loco de remate, trágicamente homicida, terriblemente morado: el Dr. Mundo es lo que mantiene en sus casas a muchos habitantes de Zaun en las noches especialmente oscuras. Este autoproclamado doctor fue paciente del psiquiátrico más infame de Zaun. Tras...<!-- --> <button data-testid=""overview:seemorebutton","Dr. Mundo resiste el siguiente efecto inmovilizador que lo golpea, pero pierde vida y deja caer un vial químico cerca. Puede recoger dicho vial caminando sobre él, lo que restaura vida y reduce el enfriamiento de esta pasiva.

Dr. Mundo también tiene gran regeneración de vida adicional.
",Dr. Mundo lanza un serrucho infectado que inflige daño al primer enemigo golpeado según su vida actual y lo ralentiza.,"Dr. Mundo se autoelectrocuta, lo que inflige daño constante a los enemigos cercanos y almacena parte del daño recibido. Al final de la duración o al volver a lanzar la habilidad, Dr. Mundo inflige daño explosivo a los enemigos cercanos. Si la explosión alcanza a un enemigo, cura un porcentaje del daño acumulado.","Pasiva: Dr. Mundo obtiene daño de ataque adicional, que aumenta según la vida máxima.

Activa: Dr. Mundo golpea con su ''botiquín'' a un enemigo, lo que inflige daño adicional según la vida que le falte. Si el enemigo muere, lo empuja, lo que inflige daño a los enemigos a los que atraviesa.","Dr. Mundo se inyecta productos químicos, lo que restaura al instante un porcentaje de la vida que le falte. Después, obtiene velocidad de movimiento adicional y se cura parte de su vida máxima durante un largo periodo de tiempo."
Draven,League of Draven,Hacha giratoria,Subidón de adrenalina,A un lado,Espiral de muerte,"En Noxus, los guerreros conocidos como 'justicieros' se enfrentan en recintos donde corre la sangre y se pone a prueba la fortaleza. Pero ninguno ha alcanzado la fama de Draven, un antiguo soldado cuyo sentido del espectáculo y habilidad sin igual con...<!-- --> <button data-testid=""overview:seemorebutton","Draven consigue la Adoración de sus fans cuando atrapa un Hacha giratoria o elimina a un súbdito, monstruo o torre. Asesinar a campeones enemigos le otorga a Draven oro adicional en función de la Adoración que tenga.","El siguiente ataque de Draven inflige daño físico adicional. Tras golpear al objetivo, el hacha saldrá volando por los aires. Si Draven la atrapa, preparará automáticamente otra Hacha giratoria. Draven puede tener dos Hachas giratorias a la vez.","Draven aumenta la velocidad de movimiento y la velocidad de ataque. La bonificación de velocidad de movimiento disminuye rápidamente con el tiempo. Al atrapar un Hacha giratoria, se recuperará el enfriamiento de Subidón de adrenalina.","Draven lanza sus hachas, lo que inflige daño físico a los objetivos golpeados y los echa a un lado. Los objetivos impactados se ven ralentizados.",Draven lanza dos hachas gigantescas para infligir daño físico a cada unidad alcanzada. Las hachas de Espiral de muerte cambian lentamente de dirección y regresan a Draven tras golpear a un campeón enemigo. Draven también puede activar esta habilidad mientras las hachas están de camino para hacer que vuelvan antes. Inflige menos daño por cada unidad que golpea y se reinicia cuando el hacha cambia de dirección. Ejecuta a los enemigos que tengan menos vida que el número de acumulaciones de Adoración de Draven.
Ekko,Resonancia Z,Engranaje temporal,Convergencia paralela,Salto de fase,Fisura temporal,"Ekko, un prodigio surgido de las implacables calles de Zaun, manipula el tiempo para sacar ventaja de todas las situaciones. Con una máquina de su invención llamada Dispositivo Z, explora las distintas posibilidades de la realidad hasta alcanzar el...<!-- --> <button data-testid=""overview:seemorebutton","Cada tercer ataque o hechizo dañino lanzado sobre un mismo objetivo inflige daño mágico adicional, y Ekko obtiene una mejora de velocidad de movimiento si el objetivo es un campeón.

","Ekko lanza una granada temporal que, al alcanzar a un campeón enemigo, genera un campo de distorsión cronológica. Las unidades sorprendidas en su interior sufren daño y quedan ralentizadas. Al cabo de unos instantes, la granada regresa a Ekko y daña a todo cuanto se encuentre en su camino.","Los ataques básicos de Ekko infligen daño mágico adicional a objetivos con poca vida. Con Convergencia paralela puede romper la línea temporal y, al cabo de unos segundos, crea una anomalía que ralentiza a los enemigos situados dentro. Si el propio Ekko entra en ella, recibe un escudo y aturde a los enemigos al dejarlos congelados en el tiempo.",Ekko rueda por el suelo en un movimiento evasivo mientras activa su Dispositivo Z. Su siguiente ataque inflige daño adicional y distorsiona la realidad para teleportarlo hasta su objetivo.,Ekko fragmenta su línea temporal y se vuelve imposible de seleccionar como objetivo mientras regresa a un momento pasado más favorable. Reaparece en el mismo sitio donde se encontraba unos segundos antes y recupera una parte de la vida que hubiera perdido en ese tiempo. Los enemigos situados cerca de su zona de llegada reciben muchísimo daño.
Elise,Reina de las arañas,Neurotoxina / Mordisco venenoso,Araña volátil / Frenesí arácnido,Maraña / Rápel,Forma de araña,"Elise es una letal depredadora que mora en un palacio cerrado y sin luz situado en el corazón de la ciudad más antigua de Noxus. En su día fue una mujer mortal, señora de una casa poderosa, pero la picadura de un malvado semidiós la transformó en una...<!-- --> <button data-testid=""overview:seemorebutton","Forma humana: Cuando Elise alcanza a un enemigo con una habilidad, convoca una araña durmiente.

Forma de araña: Los ataques básicos infligen daño mágico adicional y le devuelven vida a Elise.","Forma humana: Inflige daño según la cantidad de vida que tenga el objetivo.

Forma de araña: Embiste a un enemigo e inflige daño según la cantidad de vida que tenga.","Forma humana: Libera una araña cargada de veneno que explota al acercarse a un objetivo.

Forma de araña: Elise y sus arañas aumentan su velocidad de ataque.","Forma humana: Aturde a la primera unidad enemiga impactada y la revela si no se halla en sigilo.

Forma de araña: Elise y sus arañas ascienden en el aire y luego descienden sobre un objetivo enemigo. Una vez ha descendido, el daño y la curación adicionales de Reina de las arañas aumentan.","Se transforma en una amenazadora araña, lo que reduce su alcance de ataque pero le proporciona velocidad de movimiento, nuevas habilidades y un enjambre de arañas que ataca a sus enemigos."
Evelynn,Sombra demoníaca,Púa de odio,Sed de lujuria,Latigazo,Hacedora de viudas,"En los oscuros adentros de Runaterra, el súcubo Evelynn deambula en busca de su siguiente víctima. Acecha a sus presas con una voluptuosa fachada femenina, pero cuando alguien sucumbe a sus encantos, Evelynn libera su auténtica forma. Después somete a...<!-- --> <button data-testid=""overview:seemorebutton","Cuando no está en combate, Evelynn entra en modo Sombra demoníaca. Sombra demoníaca cura a Evelynn cuando está baja de vida y le otorga camuflaje tras alcanzar el nivel 6.","Evelynn golpea con su látigo e inflige daño a la primera unidad que alcanza. Después, Evelynn puede lanzar una línea de púas a los enemigos cercanos hasta 3 veces.","Evelynn maldice a su objetivo y provoca que, tras un breve lapso de tiempo, el próximo ataque o habilidad lo hechice y le reduzca la resistencia mágica.",Evelynn azota a su objetivo con su látigo y le inflige daño. Obtiene velocidad de movimiento durante un breve periodo de tiempo.,"Evelynn se vuelve invulnerable brevemente y asola la zona que tiene delante, y después reaparece mucho más atrás."
Ezreal,Fuerza de hechizo naciente,Disparo místico,Flujo de esencia,Alteración arcana,Andanada certera,"Ezreal, un aventurero aficionado a deslizarse y dotado de artes mágicas sin saberlo, saquea catacumbas perdidas, lidia con maldiciones ancestrales y supera con facilidad adversidades imposibles. De valor y chulería sin límites, prefiere improvisar para...<!-- --> <button data-testid=""overview:seemorebutton","La velocidad de ataque de Ezreal aumenta progresivamente cada vez que acierta un hechizo, hasta un máximo de 5 acumulaciones.",Ezreal lanza un rayo de energía que reduce brevemente todos sus enfriamientos si alcanza a alguna unidad enemiga.,"Ezreal dispara un orbe que se adhiere al primer campeón u objetivo alcanzado. Si Ezreal golpea a un enemigo con el orbe, este explota e inflige daño.",Ezreal se teleporta a una ubicación cercana a un objetivo y dispara un rayo certero que golpea a la unidad enemiga más cercana. Dará prioridad a los enemigos marcados con Flujo de esencia.,Ezreal se prepara antes de disparar una potente andanada de energía que inflige mucho daño a cada unidad que atraviese (el daño es menor contra súbditos y monstruos no épicos).
Fiddlesticks,Un simple espantapájaros,Terror,Cosecha abundante,Segar,Tormenta de cuervos,"Algo ha despertado en Runaterra. Algo ancestral. Algo terrible. El horror conocido como Fiddlesticks acecha en las lindes de la sociedad, en las zonas en las que impera la paranoia, donde se alimenta de aquellos a los que aterroriza. Armada con una...<!-- --> <button data-testid=""overview:seemorebutton",El talismán de Fiddlesticks se reemplaza por figuras de espantapájaros.,"Fiddlesticks infunde miedo al infligir daño con habilidades sin ser visto o al activar Terror seleccionando como objetivo a una unidad enemiga, provocando que los enemigos afectados huyan despavoridos mientras dure el efecto.",Fiddlesticks drena la vida de los enemigos cercanos e inflige daño de ejecución adicional al final del efecto.,"Fiddlesticks ataca en área con su guadaña, lo que ralentiza a todos los enemigos alcanzados y silencia a aquellos que golpea en el centro de la cuchillada.",Una bandada de cuervos rodea a Fiddlesticks e inflige daño cada segundo a todas las unidades enemigas de la zona.
Fiora,Baile de duelista,Embestida,Réplica,Esgrima,Duelo excelso,"Fiora, la duelista más temida de Valoran, ha alcanzado renombre por su estilo brusco y su mente astuta, así como por la velocidad de su estoque. Fiora nació en el seno de la Casa Laurent, en el reino de Demacia, y asumió el control de la familia a raíz...<!-- --> <button data-testid=""overview:seemorebutton","Fiora ha revelado un punto vital de este campeón. Si golpea este punto vital, restaura vida y obtiene velocidad de movimiento.","Fiora se abalanza hacia un punto y apuñala a un enemigo cercano, al que causa daño físico y aplica efectos de impacto.","Fiora bloquea todo el daño y las debilitaciones durante breve tiempo y luego golpea en una dirección. La estocada ralentiza al primer campeón enemigo alcanzado, o lo aturde si Fiora bloqueó un efecto de inmovilización con la habilidad.",Fiora cuenta con velocidad de ataque adicional durante dos ataques. El primero ralentiza al objetivo y el segundo asesta un golpe crítico.,"Fiora localiza los cuatro puntos vitales de un campeón enemigo y obtiene velocidad de movimiento mientras está cerca de ellos. Si lo alcanza en los cuatro puntos vitales o el objetivo muere después de que haya alcanzado al menos uno, Fiora y sus aliados de la zona reciben curación durante los siguientes segundos."
Fizz,Luchador ágil,Golpe de erizo de mar,Tridente piedramar,Juguetón/Gamberro,Carnaza para tiburones,"Fizz es un yordle anfibio que habita entre los arrecifes de alrededor de Aguas Estancadas. Suele recuperar y devolver los diezmos arrojados al mar por capitanes supersticiosos, pero incluso los marineros más agudos saben que no hay que plantarle cara...<!-- --> <button data-testid=""overview:seemorebutton",Fizz se puede mover a través de unidades y reduce una cantidad fija el daño proveniente de cualquier fuente.,"Fizz atraviesa a su objetivo, inflige daño mágico y aplica efectos de impacto.",Los ataques de Fizz hacen que sus enemigos se desangren y sufran daño mágico durante varios segundos. Fizz puede potenciar su siguiente ataque para infligir daño adicional y potenciar sus siguientes ataques durante un breve periodo de tiempo.,"Fizz salta al aire y aterriza grácilmente sobre su lanza, siendo imposible atacarlo. Desde esta posición, Fizz puede dejarse caer para aplastar el suelo u optar por saltar de nuevo antes de hacerlo.","Fizz lanza hacia una dirección un pez que se adhiere al primer campeón que toca y lo ralentiza. Tras un momento, sale un tiburón de la tierra que lanza al objetivo por los aires y empuja a un lado a los enemigos cercanos. Todos los enemigos alcanzados sufren daño mágico y son ralentizados."
Galio,Aplastamiento colosal,Vientos de guerra,Escudo de Durand,Puñetazo justiciero,Entrada heroica,"Fuera de la reluciente ciudad de Demacia, el coloso de piedra Galio se mantiene vigilante. Construido como un baluarte contra los magos enemigos, suele permanecer inmóvil durante décadas hasta que la presencia de magia poderosa lo vuelve a traer a la...<!-- --> <button data-testid=""overview:seemorebutton","Cada pocos segundos, el siguiente ataque básico de Galio inflige daño mágico adicional en un área.",Galio lanza dos remolinos de viento que se unen y convierten en un gran tornado que inflige daño prolongado.,"Galio carga en posición defensiva y se mueve lentamente. Tras liberar la carga, Galio provocará y dañará a los enemigos cercanos.","Galio dará un pequeño paso hacia atrás, cargará hacia delante y aturdirá al primer enemigo que se encuentre en su camino.","Galio designa la ubicación de un campeón aliado como punto de aterrizaje y otorga un escudo mágico a todos los aliados en la zona. Tras un breve lapso de tiempo, Galio aterriza en la ubicación y lanza a los enemigos cercanos por los aires."
Gangplank,Prueba de fuego,Parrrlamento,Eliminar escorbuto,Barril de pólvora,Andanada de cañón,"Tan impredecible como brutal, el destronado rey de los piratas conocido como Gangplank es temido a lo largo y ancho del mundo. Antes gobernaba la ciudad portuaria de Aguas Estancadas, y aunque su reinado haya terminado, hay quienes creen que esto solo...<!-- --> <button data-testid=""overview:seemorebutton","Cada pocos segundos, los ataques cuerpo a cuerpo de Gangplank hacen arder a sus víctimas.",Dispara a un objetivo y recibe oro por cada unidad enemiga asesinada.,Los efectos curativos de los cítricos eliminan los efectos de control de adversario y restauran vida.,"Gangplank destapa un barril explosivo en una ubicación objetivo. Si lo rompe, el barril explota y, además de extender el daño del ataque a los enemigos de la zona, los ralentiza.",Gangplank ordena a su barco que dispare sobre un área. Los enemigos situados en ella quedan ralentizados y sufren daño.
Garen,Perseverancia,Golpe decisivo,Coraje,Juicio,Justicia demaciana,"Garen, un orgulloso y noble guerrero, lucha en las filas de la Vanguardia Impertérrita. Es querido entre sus compañeros y respetado por sus enemigos, y no solo por ser vástago de la prestigiosa familia Crownguard, responsable de la defensa de Demacia y...<!-- --> <button data-testid=""overview:seemorebutton","Si Garen no se ha visto afectado recientemente por ataques o habilidades de enemigos, regenera un porcentaje de su vida máxima cada segundo.","Garen obtiene un aumento de velocidad de movimiento y se libra de todas las ralentizaciones. Su siguiente ataque golpea una zona vital de su enemigo, lo que inflige daño adicional y lo silencia.","Garen aumenta de forma pasiva su armadura y su resistencia mágica al asesinar a enemigos. También puede activar esta habilidad para obtener un escudo y una mejora de tenacidad durante un breve periodo de tiempo, seguido de una reducción de daño menor que dura más.",Garen hace girar su espada rápidamente a su alrededor e inflige daño físico a los enemigos cercanos.,Garen invoca el poder de Demacia para intentar ejecutar a un campeón enemigo.
Gnar,Gen de furia,Bumerán / Peñascazo,Híper / Golpazo,Brinco / Sacudida,¡GNAR!,"Gnar es un yordle primitivo cuyas payasadas lúdicas pueden estallar en la ira de un niño pequeño en un instante, transformándolo en una bestia enorme empeñada en la destrucción. Congelado en Hielo Puro durante milenios, la curiosa criatura se liberó y...<!-- --> <button data-testid=""overview:seemorebutton","Gnar genera furia en combate. Al llegar a su nivel máximo, su próxima habilidad lo transforma en Mega-Gnar, una forma en la que es más resistente y tiene acceso a nuevas habilidades.","Gnar lanza un bumerán que daña y ralentiza a los enemigos que alcanza antes de volver a él. Si recoge el bumerán, el enfriamiento se reduce.

Mega-Gnar lanza un peñasco a un enemigo y daña y ralentiza a los que están a su alrededor. También en este caso se puede recoger el proyectil para reducir el enfriamiento.","Los ataques y hechizos de Gnar lo aceleran, con lo que causa daño adicional y aumenta su velocidad de movimiento.

Mega-Gnar está demasiado furioso para correr y lo que hace es levantarse y golpear con violencia la zona que tiene delante. Los enemigos situados en ella quedan aturdidos.","Gnar salta sobre una ubicación y, si aterriza sobre la cabeza de una unidad, puede seguir saltando.

Mega-Gnar es demasiado grande para rebotar, así que aterriza con fuerza devastadora y causa daño en la zona circundante.","Mega-Gnar arroja en una dirección a todos los enemigos circundantes, que resultan dañados y ralentizados. Cualquier enemigo que choque con un muro queda aturdido y recibe daño adicional."
Gragas,Hora feliz,Barril rodante,Furia ebria,Barrigazo,Tonel explosivo,"Alegre e imponente por partes iguales, Gragas es un cervecero enorme y provocador en su propia búsqueda de la pinta de cerveza perfecta. Proveniente de lugares desconocidos, ahora busca ingredientes raros entre los intactos páramos de Freljord, probando...<!-- --> <button data-testid=""overview:seemorebutton",Gragas se cura de forma periódica al usar una habilidad.,"Gragas hace rodar su tonel hacia un lugar específico. La explosión se puede activar o, de lo contrario, explotará automáticamente tras 4 s. La potencia de la explosión aumenta a lo largo del tiempo. Los enemigos a los que alcance la explosión sufrirán una reducción de velocidad de movimiento.","Gragas engulle cerveza de su tonel durante 1 s. Al terminar, su estado de embriaguez lo hace más poderoso, por lo que inflige daño mágico a los enemigos cercanos en su siguiente ataque básico y disminuye el daño recibido.","Gragas carga hacia un lugar determinado y choca contra el primer enemigo con el que se topa, lo que inflige daño a todas las unidades enemigas cercanas y las aturde.","Gragas arroja su tonel hacia un lugar, lo que causa daño y empuja hacia atrás a los enemigos a los que alcance con la explosión."
Graves,Nuevo destino,Fin de trayecto,Pantalla de humo,Disparo veloz,Daño colateral,"Malcolm Graves es un famoso mercenario, jugador y ladrón. Un hombre buscado en todas las ciudades e imperios que ha visitado. A pesar de su temperamento explosivo, posee un firme sentido del honor criminal, que a menudo ejecuta con su escopeta de doble...<!-- --> <button data-testid=""overview:seemorebutton",La escopeta de Graves tiene características únicas. Tiene que recargar cuando se queda sin munición. Los ataques lanzan 4 balas que no pueden atravesar unidades. Hacen retroceder a los objetivos que no sean campeones y hayan sido alcanzados por varias balas.,"Graves dispara un proyectil explosivo que detona tras 2 segundos, o tras 0,2 segundos si impacta en un obstáculo.",Graves dispara una bomba al área seleccionada y crea una nube de humo que reduce el alcance de visión. Los enemigos a los que alcance el primer impacto sufren daño mágico y su velocidad de movimiento se reduce brevemente.,"Graves se lanza hacia adelante, obteniendo una mejora de armadura durante varios segundos. Si se desplaza hacia un campeón enemigo, en cambio, gana dos acumulaciones de Auténtico valor. Golpear a los enemigos con ataques básicos reduce el enfriamiento de esta habilidad y renueva las mejoras defensivas.","Graves dispara un tiro explosivo que inflige mucho daño al primer campeón en el que impacte. Tras golpear a un campeón o llegar al final de su alcance, la bala explota infligiendo daño en un cono."
Gwen,Mil cortes,"¡Corta, corta!",Niebla consagrada,Salto y corte,Bordado,"Gwen, una muñeca a la que la magia confirió vida, va armada con los mismos utensilios que en su día la confeccionaron. Lleva consigo la fuerza del amor de su creadora en cada paso que da y es consciente de la maravilla de vivir. La Niebla consagrada...<!-- --> <button data-testid=""overview:seemorebutton",Los ataques de Gwen infligen daño mágico adicional según la vida de los objetivos. Se cura una parte del daño que inflige a campeones con este efecto. ,Gwen blande sus tijeras hasta 6 veces en un arco frente a ella infligiendo daño mágico. Inflige daño verdadero a las unidades en el centro y aplica su pasiva con cada ataque.,Gwen invoca una niebla que la protege de los enemigos en el exterior. Solo puede ser objetivo de los enemigos que entren en la niebla.,"Gwen se desliza una pequeña distancia y obtiene velocidad de ataque, alcance y daño mágico al golpear durante unos pocos segundos. Si golpea a un enemigo durante ese periodo de tiempo, el enfriamiento de esta habilidad se recupera parcialmente. ","Gwen lanza una aguja que ralentiza, inflige daño mágico y aplica Mil cortes a los campeones golpeados. 

Esta habilidad se puede lanzar hasta dos veces más y cada lanzamiento arroja agujas adicionales e inflige más daño. Gwen debe golpear a un enemigo entre cada lanzamiento para desbloquear el siguiente. "
Hecarim,Sendero de guerra,Alboroto,Espíritu de pavor,Carga devastadora,Envite de sombras,"Hecarim es una fusión espectral de hombre y bestia, condenado a arrollar las almas de los vivos por toda la eternidad. Cuando las Islas Bendecidas cayeron en la sombra, este orgulloso caballero fue aniquilado por las energías destructivas de la Ruina...<!-- --> <button data-testid=""overview:seemorebutton",Hecarim obtiene daño de ataque igual a un porcentaje de su velocidad de movimiento adicional.,"Hecarim hiende su arma, infligiendo daño físico a los enemigos cercanos. Si Hecarim inflige daño al menos a un enemigo, aumenta el daño y reduce el enfriamiento de los siguientes Alborotos.",Hecarim obtiene armadura y resistencia mágica. Hecarim inflige daño mágico a los enemigos cercanos y recupera una cantidad de vida equivalente a un porcentaje del daño recibido por dichos enemigos.,La velocidad de movimiento de Hecarim aumenta y puede moverse entre unidades durante un breve periodo de tiempo. Su siguiente ataque empuja al objetivo e inflige daño físico adicional en función de la distancia recorrida tras haber activado la habilidad.,"Hecarim invoca jinetes espectrales y carga, infligiendo daño mágico en línea recta. Hecarim crea una onda de choque al terminar su carga que hace que los enemigos cercanos huyan aterrorizados."
Heimerdinger,Afinidad hextech,Torreta evolucionada H-28 G,Microcohetes hextech,Granada de tormenta de electrones CH-2,¡MEJORA!,"El profesor Cecil B. Heimerdinger, un científico yordle excéntrico pero brillante, es considerado una de las mentes más innovadoras y uno de los inventores más admirados de la historia de Piltover. Tiene una dedicación incesante en su trabajo hasta el...<!-- --> <button data-testid=""overview:seemorebutton",Obtén velocidad de movimiento al estar cerca de torres aliadas y de torretas desplegadas por Heimerdinger.,Heimerdinger despliega una torreta de fuego rápido equipada con un segundo cañón de ataque (las torretas infligen la mitad de daño a las torres).,Heimerdinger dispara proyectiles de largo alcance que convergen en su cursor.,"Heimerdinger lanza una granada que causa daño, aturde a las unidades que reciben el impacto de forma directa y ralentiza a las unidades cercanas.",Heimerdinger inventa una mejora con la que aumenta los efectos de su próxima habilidad. 
Illaoi,Profeta de un dios antiguo,Aplastamiento con tentáculo,Dura lección,Prueba de espíritu,Salto de fe,"El poderoso físico de Illaoi solo se ve empequeñecido por su indómita fe. Como profeta del Gran Kraken, hace uso de un gran ídolo de oro para arrancar el espíritu del cuerpo de sus enemigos y fracturar su percepción de la realidad. Todo el que desafía a...<!-- --> <button data-testid=""overview:seemorebutton","Illaoi y los recipientes que crea generan tentáculos en el terreno circundante. Los tentáculos atacan a espíritus, recipientes y víctimas de Dura lección de Illaoi. Los tentáculos infligen daño físico a los enemigos alcanzados y curan a Illaoi si dañan a un campeón.","Aumenta el daño que infligen los tentáculos. Al activarla, Illaoi golpea con un tentáculo que inflige daño físico.","Illaoi salta hacia su objetivo, le inflige daño físico y hace que los tentáculos cercanos lo ataquen también.","Illaoi arranca el espíritu del cuerpo de un enemigo y lo obliga a mostrarse ante ella. Los espíritus transmiten al objetivo original un porcentaje del daño sufrido. Si muere o si el objetivo se aleja demasiado del espíritu, el objetivo se convertirá en un recipiente y hará aparecer tentáculos.",Illaoi golpea su ídolo contra el suelo e inflige daño físico a los enemigos cercanos. Aparecerá un tentáculo por cada campeón impactado.
Irelia,Fervor jonio,Embate de espada,Danza desafiante,Dúo impecable,Filo de la vanguardia,"La ocupación noxiana de Jonia produjo mucho héroes, pero ninguno más improbable que la joven Irelia de Navori. Se entrenó en las antiguas danzas de su gente y adaptó su arte para la guerra, usando los movimientos elegantes y diligentemente practicados...<!-- --> <button data-testid=""overview:seemorebutton","Cuando las habilidades de Irelia golpean a enemigos, obtiene una mejora acumulable de velocidad de ataque. Con el máximo de acumulaciones, sus ataques básicos también infligen daño adicional.","Irelia se desliza hacia delante, golpea a su objetivo y se cura. Si el objetivo queda marcado o muere con Embate de espada, se reinicia el enfriamiento.",Irelia carga un golpe que inflige más daño cuanto más lo cargue. Recibe menos daño físico mientras carga.,"Irelia envía dos cuchillas que convergen entre sí. Los enemigos atrapados en medio de las cuchillas reciben daño, quedan aturdidos y son marcados.","Irelia libera una gran cantidad de cuchillas que explotan hacia fuera al alcanzar a un campeón enemigo. Los enemigos alcanzados por las cuchillas reciben daño y quedan marcados. Después, las cuchillas forman un muro que inflige daño y ralentiza a los enemigos que pasen por él."
Ivern,Amigo del Bosque,Lanzarraíces,Creamaleza,Semilla de relojería,¡Margarita!,"Ivern Bósquez, conocido por muchos como el Padre Arborescente, es un ser peculiar, mitad humano y mitad árbol, que deambula por los bosques de Runaterra y cultiva la vida allá donde va. Conoce los secretos del mundo natural y es buen amigo de todo lo...<!-- --> <button data-testid=""overview:seemorebutton","Ivern no puede atacar ni ser atacado por monstruos no épicos. Ivern puede crear arboledas mágicas que crecen con el tiempo en los campamentos de la jungla. Cuando la arboleda ha crecido por completo, Ivern puede liberar a los monstruos para recibir oro y experiencia.",Ivern conjura raíces que infligen daño e inmovilizan a los objetivos enemigos. Los aliados de Ivern pueden deslizarse hacia el objetivo inmovilizado.,"Cuando está en la maleza, los ataques de Ivern y de sus aliados cercanos infligen daño mágico adicional. Puede activar esta habilidad para crear una zona de maleza.","Ivern le concede un escudo a un aliado. Tras un breve lapso de tiempo, el escudo estalla, de forma que ralentiza e inflige daño a los enemigos. El escudo se regenera si no golpea a ningún enemigo.","Ivern invoca a su amiga centinela, Margarita, para que luche con él. Vuelve a lanzar la habilidad para que Margarita se mueva o ataque."
Janna,Empuje,Temporal,Céfiro,Ojo de la tormenta,Monzón,"Janna, armada con el poder de los vendavales de Runaterra, es un misterioso espíritu elemental que aprovecha el viento para proteger a los más desfavorecidos de Zaun. Hay quien cree que surgió de los ruegos de los marineros de Runaterra, que rezaban por...<!-- --> <button data-testid=""overview:seemorebutton","Janna obtiene velocidad de movimiento adicional cuando se mueve hacia campeones aliados, y los campeones aliados cercanos obtienen esta bonificación al moverse hacia ella.","Cambiando puntualmente la presión y la temperatura, Janna logra crear una pequeña tormenta que aumenta de tamaño con el tiempo. Se puede activar de nuevo el hechizo para lanzar la tormenta. Al lanzarla, esta tormenta se desplaza hacia la dirección en que fue arrojada, lo que inflige daño y lanza por los aires a los enemigos que se encuentren en su camino.",Janna invoca un elemental de aire que aumenta de forma pasiva su velocidad de movimiento y le permite atravesar unidades. También puede activar esta habilidad para infligir daño y reducir la velocidad de movimiento de un enemigo. La pasiva se pierde cuando esta habilidad está en enfriamiento.,Janna conjura un vendaval defensivo que protege a una torreta o un campeón aliado del daño y aumenta su daño de ataque.,"Janna se envuelve con una tormenta mágica que repele a sus enemigos. Una vez pasada la tormenta, unos vientos reparadores curan a los aliados cercanos mientras la habilidad se encuentra activa."
Jarvan IV,Cadencia marcial,Golpe del dragón,Protección áurea,Estandarte demaciano,Cataclismo,"El príncipe Jarvan, descendiente de la dinastía Escudo de Luz, es heredero al trono de Demacia. Criado para ser ejemplo de las mayores virtudes de su nación, se ve obligado a equilibrar las grandes expectativas que se le imponen con su propio deseo de...<!-- --> <button data-testid=""overview:seemorebutton",El primer ataque básico de Jarvan contra un enemigo le inflige daño físico adicional según la vida que tenga. Este efecto no puede aplicarse de nuevo al mismo enemigo durante unos segundos.,"Jarvan IV proyecta su lanza ante sí, causando daño físico y mermando la armadura a los enemigos que se encuentre en su camino. Además, de este modo Jarvan se lanzará hacia su Estandarte demaciano, derribando a los enemigos que se encuentren en su camino.",Jarvan IV invoca a los antiguos reyes de Demacia para que le protejan de todo posible daño y ralenticen a los enemigos que le rodeen.,"Jarvan IV representa el orgullo de Demacia y goza, de forma pasiva, de una bonificación de velocidad de ataque. Al activar Estandarte demaciano, Jarvan IV puede colocar una bandera de Demacia que inflige daño mágico al impactar y otorga velocidad de ataque a los campeones aliados cercanos.","Jarvan IV salta heroicamente al combate cayendo sobre un objetivo, con tal fuerza que levanta la tierra a su alrededor para delimitar una zona de lucha. Los enemigos cercanos reciben daño en el momento del impacto."
Jax,Asalto implacable,Golpe en salto,Potenciación,Contraataque,Gran Maestro de Armas,"Incomparable en su habilidad con armas especiales y su mordaz sarcasmo, Jax es el último maestro de armas conocido de Icathia. Después de que su tierra natal fuera devastada por su propia arrogancia al desatar el Vacío, Jax y los suyos juraron proteger...<!-- --> <button data-testid=""overview:seemorebutton",Los ataques básicos consecutivos de Jax aumentan su velocidad de ataque constantemente.,"Jax salta hacia una unidad. Si es un enemigo, lo golpea con su arma.",Jax carga su arma con energía para que su siguiente ataque cause daño adicional.,"La habilidad de Jax para el combate le permite esquivar todos los ataques que reciba durante un breve período de tiempo y luego contraatacar rápidamente, aturdiendo a todos los enemigos de los alrededores.","Cada tercer golpe consecutivo inflige daño mágico adicional. Además, Jax puede activar esta habilidad para infligir daño a su alrededor y fortalecer su resolución, lo que aumenta su armadura y resistencia mágica durante un breve periodo."
Jayce,Condensador hextech,¡Hacia los cielos! / Explosión eléctrica,Campo de rayos / Hipercarga,Golpe tormentoso / Portal de aceleración,Cañón de mercurio / Martillo de mercurio,"Jayce es un brillante inventor que ha jurado defender con su vida a Piltover y a su irreductible afán de progreso. Empuñando su martillo hextech transformable, Jayce hace uso de su fuerza, coraje y considerable inteligencia para proteger su ciudad natal...<!-- --> <button data-testid=""overview:seemorebutton","Cuando Jayce cambia de arma, obtiene velocidad de movimiento durante un breve periodo de tiempo.","Posición de Martillo: Salta a una zona, infligiendo daño físico y ralentizando a los enemigos.

Posición de Cañón: Lanza un orbe de electricidad que detona al golpear a un enemigo o llegar a su alcance máximo, infligiendo daño físico a todos los enemigos alcanzados.","Posición de Martillo: Pasiva: Restaura maná por cada golpe. Activa: Crea un campo de rayos que daña a los enemigos cercanos durante varios segundos.

Posición de Cañón: Obtiene un impulso de energía y aumenta al máximo la velocidad de ataque durante varios ataques.","Posición de martillo: Inflige daño mágico y desplaza levemente a un enemigo.

Posición de cañón: Lanza un Portal de aceleración que aumenta la velocidad de movimiento de todos los campeones aliados que lo atraviesen. Si se lanza Explosión eléctrica a través del portal, la velocidad, daño y alcance del proyectil aumentarán.","Posición de Martillo: Se transforma en el Cañón de mercurio, con nuevas habilidades y mayor alcance. Su primer ataque reduce la armadura y la resistencia mágica del objetivo.

Posición de Cañón: Se transforma en el Martillo de mercurio, con nuevas habilidades y un aumento de sus defensas. Su primer ataque inflige daño mágico adicional."
Jhin,Susurro,Granada danzante,Florecer mortal,Público entregado,Abajo el telón,"Jhin es un meticuloso criminal psicópata que ve el asesinato como arte. Otrora prisionero jonio, fue liberado gracias a los sombríos tejemanejes del consejo de Jonia. Ahora, el asesino en serie trabaja como sicario de la secta. Con su pistola como...<!-- --> <button data-testid=""overview:seemorebutton","Susurro, el cañón de mano de Jhin, es un instrumento preciso diseñado para infligir un gran daño. Dispara con una cadencia fija y solo puede portar cuatro balas. Jhin baña la última bala con magia oscura para asestar impactos críticos e infligir daño de ejecución adicional. Siempre que Susurro asesta un impacto crítico, Jhin obtiene un aumento de velocidad de movimiento.",Jhin lanza un cartucho mágico a un enemigo. Podrá impactar a un máximo de cuatro objetivos y cada vez que mata suma daño.,"Jhin blande su bastón y dispara un proyectil con un alcance increíble. Atraviesa a los súbditos y los monstruos, pero se detiene en el primer campeón impactado. El objetivo queda inmovilizado si ha sido víctima de los ataques de los aliados de Jhin, de las trampas de loto o del daño de Jhin.","Jhin coloca una trampa de loto invisible que florece al pasar sobre ella. Ralentiza a los enemigos cercanos antes de infligir daño con una explosión de pétalos serrados. 

Belleza en la muerte: Cuando Jhin mate a un campeón enemigo, florecerá una trampa de loto junto a su cadáver.","Jhin concentra su energía y transforma Susurro en un megacañón de hombro capaz de realizar 4 superdisparos de gran alcance, que atraviesan a los súbditos y a los monstruos pero se detienen en el primer campeón impactado. Susurro incapacita a los enemigos impactados, los ralentiza e inflige daño de ejecución. El cuarto disparo se prepara con sumo cuidado, tiene una potencia épica y garantiza un impacto crítico."
Jinx,¡A tope!,¡Cambiazo!,¡Zap!,¡Mascafuegos!,¡Supermegacohete mortal!,"Jinx, una criminal perturbada e impulsiva de Zaun, vive para sembrar el caos sin importarle las consecuencias. Provoca las explosiones más ruidosas y cegadoras con su arsenal de armas letales para dejar un rastro de terror y destrucción a su paso. Jinx...<!-- --> <button data-testid=""overview:seemorebutton","Jinx recibe un gran aumento de velocidad de movimiento y velocidad de ataque cuando ayuda a matar a un campeón enemigo, a un monstruo épico de la jungla o a destruir una estructura.","Jinx modifica sus ataques básicos al alternar entre Pium Pium, su ametralladora, y Espinas, su lanzacohetes. Los ataques con Pium Pium otorgan velocidad de ataque, mientras que con Espinas inflige daño en área e incrementa su alcance, pero drena maná y ataca más despacio.","Jinx usa a Chispita, su pistola de rayos, para disparar un rayo que ralentiza e inflige daño al primer enemigo que golpea, revelándolo.",Jinx lanza una hilera de granadas paralizantes que explotan tras 5 s y envuelven en llamas a los enemigos circundantes. Las Mascafuegos morderán e inmovilizarán a los campeones enemigos que pasen por encima de ellas.,Jinx dispara un supercohete por todo el mapa que va aumentando su daño a medida que avanza. El cohete explotará al impactar contra un campeón enemigo y tanto este como los enemigos circundantes recibirán una cantidad de daño proporcional a la vida que les falte en ese momento.
K'Sante,Instinto intrépido,Golpes de ntofo,Pionero,Juego de pies,Órdago,"K'Sante, un guerrero desafiante y valiente, lucha contra gigantescas bestias y despiadados Ascendidos para proteger su hogar, Nazumah, un codiciado oasis ubicado entre las dunas shurimanas. Tras cortar lazos con su pareja, K'Sante se percata de que...<!-- --> <button data-testid=""overview:seemorebutton",Las habilidades de K'Sante marcan a los objetivos para que reciban más daño de su siguiente ataque.,"Golpea con un arma hacia delante, lo que inflige daño y ralentiza a todos los enemigos en una corta línea.

Al golpear, otorga una acumulación durante unos cuantos segundos. Con dos acumulaciones, esta habilidad emite una onda de choque que atrae a los enemigos.","K'Sante carga antes de deslizarse. K'Sante es imparable y recibe menos daño mientras carga. Empuja a los enemigos golpeados hasta el final del recorrido del deslizamiento y los aturde.

","K'Sante se deslizará hacia un aliado y ambos obtendrán un escudo. Si no hay aliados, K'Sante seguirá desplazándose hacia la ubicación con un alcance reducido y obtendrá un escudo.
","K'Sante golpea a un enemigo y lo empuja. Si el enemigo golpea un muro, lo atravesará y sufrirá más daño. K'Sante aparecerá detrás del objetivo y obtendrá los efectos de Órdago, lo que reduce su defensa pero aumenta enormemente su daño.

"
Kai'Sa,Segunda piel,Lluvia de Icathia,Buscador del Vacío,Supercarga,Instinto asesino,"Reclamada por el Vacío cuando era solo una niña, Kai'Sa logró sobrevivir por pura tenacidad y fuerza de voluntad. Sus experiencias la han convertido en una cazadora letal y, para algunos, el presagio de un futuro que preferirían no vivir para ver. Ahora...<!-- --> <button data-testid=""overview:seemorebutton","Los ataques básicos de Kai'Sa acumulan Plasma, lo que inflige daño mágico adicional en aumento. Los efectos de inmovilización de los aliados ayudan a acumular Plasma. Además, los objetos que Kai'Sa compre mejoran sus hechizos básicos y les otorgan propiedades más potentes.","Kai'Sa libera una ráfaga de proyectiles que buscan campeones enemigos cercanos.

Arma viviente: Lluvia de Icathia mejora y dispara más misiles.","Kai'Sa dispara un misil de largo alcance y marca a los enemigos con la pasiva.

Arma viviente: Buscador del Vacío mejora y aplica más acumulaciones de la pasiva, además de reducir el enfriamiento al golpear a un campeón.","Kai'Sa aumenta brevemente su velocidad de movimiento y después su velocidad de ataque.

Arma viviente: Supercarga mejora y otorga brevemente invisibilidad.",Kai'Sa se desliza cerca de un campeón enemigo.
Kalista,Aplomo marcial,Atravesar,Centinela,Desgarrar,Llamada del destino,"Kalista, un espectro de cólera y castigo, es el inmortal espíritu de la venganza, una pesadilla acorazada que llega desde las Islas de la Sombra para dar caza a los embusteros y los traidores. Puede que todos los que han sido traicionados pidan venganza...<!-- --> <button data-testid=""overview:seemorebutton","Si Kalista da una orden de movimiento mientras prepara un ataque básico o Atravesar, al asestar el golpe recorrerá una corta distancia en la dirección indicada.",Arroja una veloz lanza que atraviesa a los enemigos que asesina.,"Obtiene daño adicional cuando Kalista y su Juramentado golpean al mismo objetivo. 

Actívala para enviar un alma a patrullar una zona. El alma revelará la zona que tiene delante.","Cuando ataca, atraviesa a sus enemigos con lanzas. Actívala para arrancarlas, lo que ralentiza a las víctimas y les causa daño en función del nivel.",Kalista teleporta al Juramentado hasta sí. Este adquiere la capacidad de lanzarse hacia una posición y derribar a los campeones enemigos con los que se encuentra.
